<?xml version="1.0" encoding="UTF-8"?>
<Configuration status="WARN">
	<Appenders>
		<Console name="Console" target="SYSTEM_OUT">
			<PatternLayout
				pattern="%d{HH:mm:ss.SSS} [%t] %-5level %logger{36} - %msg%n" />
		</Console>
		<File name="File" fileName="logs/creditconnect.log">
			<PatternLayout
				pattern="%d{yyyy-MM-dd HH:mm:ss.SSS} [%t] %-5level %logger{36} - %msg%n" />
		</File>
		<RollingFile name="RollingFile"
			fileName="logs/creditconnectrolling.log"
			filePattern="logs/creditconnectrolling-%d{yyyy-MM-dd}-%i.log">
			<PatternLayout
				pattern="%d{yyyy-MM-dd HH:mm:ss.SSS} [%t] %-5level %logger{36} - %msg%n" />
			<Policies>
				<SizeBasedTriggeringPolicy size="19500KB" />
			</Policies>
			<DefaultRolloverStrategy max="1" />
		</RollingFile>
	</Appenders>
	<Loggers>
		<!-- 
		 <Logger
			name="com.fdmgroup.BankingApplication" additivity="true">
			<AppenderRef ref="Console" />
			<AppenderRef ref="File" />
		</Logger>
		-->
        <Root level="debug">
			<AppenderRef ref="Console" />
			<AppenderRef ref="File" />
		</Root>
	</Loggers>
</Configuration>